mutation	clade
A1430G	
G16535T	
C18568T	
G24164A	
A18789C	
C19386T	
G22081A	
T29483G	
C6968A	
T11764A	
A8001C	
C9534T	
G21316A	
A24325G	
T28144C	
T4402C	
C6192T	
G9730T	
C10604T	
T16145C	
C25460T	
G26144T	
C8782T	
A2476G	
C29743T	
C3176T	
C21855T	
G5657A	
A23403G	
A25725G	
A1691G	
C6501T	
C16877T	
C24351T	
G11083T	
A3175G	
G3179A	
C14422T	
C14585T	
G23405C	
C28315T	
C4655T	
G9890T	
G20527T	
C15480T	
G25767T	
C207T	
T946C	
C6363T	
A11430G	
C23271T	
C24023T	
G26526T	
G27225T	
C28887T	
T18488C	
T23605G	
A29596G	
T8767C	
C17104T	
G26167T	
G29593A	
C1848T	
C9520T	
A22622G	
G27382C	
A27383T	
T27384C	
A28055G	
G7675T	
C18167T	
T4402C	
G5062T	
A12796G	
C4276T	
C11572T	
C17474T	
C29095T	
G285T	
T23986C	
G25947T	
C2445T	
T20367C	
G23900C	
C16293T	
C14198T	
A895G	
C2942T	
G4390T	
C9598T	
G20134T	
G24047A	
G11083T	
A11782G	
C29741T	
G14212A	
C21859T	
G27877T	
C25047T	
G28878A	
G29742A	
C24990T	
C25587T	
T18603C	
T9370G	
C24370T	
C2306T	
C9636T	
T14382C	
C21844T	
G16853T	
G4665A	
A21512G	
G22468T	
A361G	
C2062T	
C29149T	
C2676T	
A22606T	
T6329C	
C23525T	
G443A	
G22487C	
C24034T	
T26729C	
G28077C	
T19190A	
A9259G	
G21142T	
A1566C	
T490A	
C1101T	
G3119A	
C26873T	
C3177T	
T18736C	
A29700G	
C16466T	
G18636T	
G21334T	
C25844T	
C6040T	
G12478A	
C28896G	
C8950T	
T19713C	
C29451T	
C21910T	
T14514C	
C19895T	
C21588T	
G14118A	
C8956T	
C27635T	
C9113T	
C21648T	
A29567C	
A3398G	
C8683T	
G19684T	
C4400T	
T998G	
C512T	
C2638A	
T19420C	
C27999T	
A13951T	
C29085T	
A17585T	
A25050G	
C26781T	
C15960T	
A2565G	
C22986T	
C10954T	
C22802G	
A22811T	
C6285T	
C26729T	
C17372T	
C3426T	
C25568A	
T9477A	
G18040T	
C289T	
C26088T	
C398T	
A19403G	
C1263T	
G25061A	
G28975T	
G10368A	
A15205G	
C17569T	
A28885G	
G7007A	
G18180A	
C28868A	
C6449T	
G13617T	
C850T	
C17470T	
G18907T	
G28580T	
C19118T	
C1912T	
C19263T	
C18060T	
C865T	
C13694T	
A24694T	
T490A	
C1912T	
C3177T	
G3564T	
C4084T	
G5378T	
G8790T	
A17858G	
T6025C	
C17747T	
C28144T	
A17858G	
G260C	
G261C	
C25731T	
C9565T	
G29688T	
G29692T	
C6285T	
C20555T	
G27364T	
T5941G	
C11095T	
G26596T	
T6963A	
T6964C	
C6968A	
T7084C	
C21410T	
C5052T	
C17474T	
G27226T	
T2153A	
A3889G	
C27167T	
G20580A	
C21721T	
C26456T	
C27498T	
C2469T	
C18877T	
C6696T	
C29416T	
T16242C	
G29628T	
T9704C	
G9705T	
G6419A	
C8832T	
C21648T	
C14805T	
G7798T	
C20148T	
C4633T	
C14645T	
G5992A	
C8668T	
C5184T	
C29253T	
C10572T	
T11538C	
C17326T	
A17884G	
G19645T	
G23242T	
A18121G	
C27741T	
T29410C	
T17475C	
G29783T	
A12334T	
C20132T	
A460G	
A7079G	
C26735T	
C27577T	
C8092T	
C26037T	
G27877T	
G28881A	
C5170T	
C16468T	
T17673C	
C29774T	
C1102T	
T2992C	
C9180T	
G11083T	
C16887T	
T5860C	
G2782T	
G26063T	
T18099A	
C1878T	
T21835C	
C4320T	
C23673T	
C24382T	
C1385T	
G25337C	
T540A	
G542A	
A544G	
G5953A	
G9220A	
A25336C	
A4494G	
G354A	
T8158C	
C17718T	
A3722T	
C9893T	
C28717T	
G3955T	
A8681G	
G22604A	
C15240T	
C21774T	
T11194C	
G2840A	
A26045G	
C23029T	
A14604G	
C21911T	
C1326T	
C17304T	
C12897A	
G3286T	
C16915T	
G7283A	
C29218T	
C1218T	
C2306T	
C4252T	
T19258G	
A19261G	
A19262G	
C19264T	
A19268G	
C25931A	
C24370T	
T150C	
T153G	
A3635G	
T15849C	
A26530G	
G29422A	
T5860C	
C1238T	
T28924C	
C3593T	
C4683T	
A27200G	
T4779C	
A16467G	
C23185T	
A6035G	
G17858A	
G22139T	
A3046G	
G22225T	
A25576G	
G16975T	
A27525G	
C18788T	
C21306T	
C7518T	
T23119A	
T6178C	
G25993A	
T5797C	
G16846A	
T27832C	
G28646A	
C241T	
T15927G	
C26936T	
G20167T	
C29580T	
C10228T	
C18401T	
A10323G	
C6310T	
G27327T	
C5281T	
C29445T	
C556T	
G28300T	
G28378T	
C5784T	
A3406C	
C23525T	
G332T	
C20823T	
C9836T	
C28344T	
G26730A	
G20580T	
G1820A	
C20930T	
C1929T	
C17072T	
T27384C	
A13512T	
G13513T	
G13514A	
G20128A	
C29518T	
G8083T	
T10763C	
G13126T	
G373A	
G26143T	
G22984A	
C3992T	
G27806A	
C17403T	
T27222C	
T23010C	
G6670T	
C5622T	
G6530A	
A11595G	
C16163T	
C10369T	
G2422A	
G25471T	
C16329T	
C2232T	
C2061T	
C20234T	
G354A	
C4755T	
G5716T	
T20281C	
G8602A	
G26152A	
A10323G	
C4754T	
C3832T	
T28976C	
C832T	
A13901G	
C27945T	
C1545T	
C10818T	
C14937T	
G26065T	
A26126C	
C16887T	
C2902T	
T28229G	
C17059A	
G21255C	
G25273C	
G26365T	
T13686A	
G13687T	
A13693T	
T12530C	
C29250T	
C6813T	
C27431T	
C15080T	
G14126A	
C1419T	
G957A	
G11083T	
A1547G	
C835T	
C8947T	
C11750T	
T24979C	
G26660T	
C29037T	
C29211T	
C10036T	
G7042T	
G16377T	
G25770T	
C16466T	
G26466A	
C23758T	
T14259C	
G29462T	
C16750T	
A28709T	
A11789G	
T29633C	
T19632A	
A23989G	
C1734T	
C19186T	
G28280T	
T29515A	
C6627T	
C9474T	
G19340T	
T10881C	
A27317G	
C28093T	
C21595T	
T25962G	
G28392T	
C6402T	
C15960T	
G14638T	
T16701C	
C9430A	
A6693G	
C14877T	
A29188T	
C28519T	
C11195T	
C28826T	
T19909G	
T1592C	
C1853T	
G15429A	
C5301T	
T6178C	
C18652T	
G3638T	
C5730T	
G29616A	
A22356G	
A29019G	
T9127C	
A24694T	
A2500G	
C21614T	
G27478T	
A24232C	
C26464T	
C29774T	
C6781T	
G19072T	
G19542T	
G23593T	
A9307G	
G13118T	
C22480T	
C12741T	
C21642T	
G4436A	
T18863C	
A6424C	
G11042T	
T22207C	
A28283G	
C6695A	
A5353T	
G23126T	
G29000T	
C21707T	
C23422T	
G27709T	
T9445C	
T18060C	
G29140T	
G11083T	
T17531C	
G18756T	
A4123G	
C17430T	
C1457T	
G29134A	
C24904T	
C1404T	
C9803T	
G25340A	
C28957T	
C140T	
C19018T	
C12213T	
G4642A	
C27807T	
C6317T	
C9693T	
T10771C	
C6990T	
G29751T	
C28315T	
C18555T	
T8767C	
C12076T	
T16335G	
C16469T	
G2441A	
A27924G	
G945T	
T2922C	
G4643T	
C8177T	
C21742T	
A29700T	
C23202T	
G22988A	
C21646T	
G26526T	
C11704T	
C19961T	
T20256C	
G15664A	
G11083T	
G2632T	
T27384C	
T29410C	
G29557T	
G19872T	
G21724T	
C29733T	
T13845C	
A21404G	
A24667G	
A29700G	
A27397G	
C18568T	
G28727T	
A27237T	
A19137G	
C23604A	
A28910T	
G23120T	
C6723T	
C14925T	
G17158A	
G3371A	
T19783C	
C3311A	
G17671T	
G910T	
A17105G	
G21305A	
T17671G	
C22290T	
T7582C	
T15888C	
G4148T	
G1401A	
T28582C	
T13438C	
T16863C	
G529A	
T7818C	
C3634T	
C29037T	
C29274T	
C17010T	
A1087G	
G15406A	
G219T	
G374A	
C6936T	
G3564T	
G24933T	
C25546A	
A9873T	
A3635G	
G6220A	
C1670T	
C23430T	
T11320C	
C28873T	
G12070T	
G17302T	
C19884T	
T21162C	
C27416T	
C28657T	
G25494T	
C28826T	
G27604A	
A14199G	
A3492C	
C14503T	
C4084T	
A24877G	
C29733T	
C3784T	
C21380T	
C7564T	
T11320C	
A13712G	
C18894T	
C9866T	
G25337C	
G12347A	
C28744T	
G12268A	
A13712G	
A8145G	
C26078T	
T21745C	
C24381T	
C6720T	
G20991A	
C8937T	
G20002T	
C13721T	
C29272T	
C1441T	
G27870T	
G29477T	
C3253T	
C26985T	
A8073G	
C27769T	
C15216T	
C7083T	
G16897T	
C18264T	
C24919T	
G28077T	
C1912T	
C8078T	
C15101T	
C29366T	
G9968A	
C12076T	
A10844G	
C15924T	
A1646G	
C20235T	
G16396T	
C25810T	
C14724T	
G14229T	
T27056C	
C13225T	
G28376A	
C18683T	
C28708T	
C17766T	
G368A	
C21575T	
C16393T	
A16628G	
C12915T	
C19952T	
G24095T	
A14836G	
T3171A	
A22005G	
C225T	
C10635T	
G3231T	
C26058T	
C22687T	
C16173T	
C13968T	
G28001T	
G3251T	
C25886T	
G15769A	
T25412C	
C9534T	
T10830C	
G13624T	
T21656A	
C186T	
C12473T	
C6026T	
C15714T	
T22333C	
G26144T	
A9437T	
C25047T	
A27669T	
A22695G	
C24370T	
T27554C	
C20692T	
C25006T	
G28233A	
C8327T	
G29449T	
T931C	
T12418C	
G20024A	
G26416C	
G29425A	
C17373T	
T2277C	
C6695T	
C14657T	
G22785T	
G2801A	
A2814C	
T7147C	
C29774T	
G6819T	
G29527A	
C19610T	
T22016G	
A13679G	
C12896T	
C10604T	
C1758T	
A15647G	
A21137G	
G11083T	
A3132G	
G11410A	
C18747T	
G18816C	
A871G	
A3027G	
C3787T	
C1190T	
C9438T	
C26333T	
A29413G	
C6312A	
C13730T	
C23929T	
C28311T	
C12403T	
A29782C	
G29783T	
G29786C	
C4780T	
C7488T	
T26048G	
G26849T	
C5407T	
A5410G	
C19814T	
A21267G	
G22335T	
A25615G	
C21034T	
C29732T	
C29614T	
C21789T	
C23934T	
T28963A	
C4320A	
G3564T	
G24933T	
C27294T	
T7711C	
C11779T	
C6310T	
A6312C	
C18680T	
C300T	
T25159C	
T6880C	
C5849T	
T25099A	
T28244A	
C19524T	
C6310A	
T2737A	
G13975A	
C12651T	
C26681T	
T25473C	
G11535T	
G18756T	
G22899T	
G24933T	
G28517T	
A29122G	
A9433G	
T19035A	
T29793C	
T27588A	
G6309A	
C14183T	
C3261T	
C1281T	
G23285T	
C13378T	
C19560T	
C23185T	
G22484T	
G25424T	
C16362T	
G1397A	
C1076T	
C27964T	
G29737C	
T28688C	
G29742T	
T11709A	
C7299T	
C10789T	
C27612G	
C2455T	
C3117T	
C3787T	
C4084T	
C4524T	
G28109T	
C9693T	
G20887A	
C21627T	
C28830T	
C14925T	
C26029A	
C26058T	
A27985G	
T27986A	
G27987A	
A1079C	
T7225C	
C9319T	
C19862T	
T27384C	
A10323G	
C11074T	
C5869T	
C17502T	
G19518T	
C25207T	
C9474T	
C1059T	
C23934T	
T28648C	
A5053G	
C11074T	
G21319A	
C884T	
G8653T	
A2239C	
A20059T	
A25980C	
C2143A	
C13860T	
T8329A	
T8336A	
T8347A	
A26226G	
C10029T	
C11067T	
C20825A	
C24381T	
G28457A	
C29627T	
G27613T	
A3472G	
C29296T	
A19073G	
G27915T	
T606C	
G12167A	
C27884T	
C28868T	
C29077T	
T2930C	
G3661T	
C3777A	
C24904T	
C10702T	
C11074T	
C12741T	
C3040T	
C14932T	
C27999T	
C7834T	
C26340T	
A9514G	
C1267T	
G9479T	
C228T	
G26720C	
T28835C	
T9931C	
A3263G	
A8981G	
C8880T	
G14653A	
C15240T	
A20284G	
C28311G	
G29737T	
G29374A	
C23557T	
G24410C	
A13409T	
C20320T	
T22619C	
C11074T	
C1909T	
C19170T	
C29037T	
C2113T	
C18928T	
T9743C	
G14122T	
T9574C	
G11071C	
C11074T	
C3037A	
C15720T	
C14649T	
A9483G	
G24227A	
C12249T	
C21658T	
G4255A	
A20047G	
T17659G	
C23625T	
C28849G	
G23876A	
C29563T	
T22032C	
A2832G	
C1076T	
G19788T	
A28955T	
C27964T	
G6352T	
C10956T	
C27688T	
G22661T	
G660T	
G848T	
G2036T	
G2585T	
A9946T	
G14719T	
G16787T	
C18138A	
C18263T	
G24220T	
G26426T	
T9037C	
C11832T	
G24933T	
T13857C	
C25469T	
G3564T	
C9491T	
C21658T	
C29420T	
A9749G	
G5399T	
G8852A	
C29635T	
C29353T	
C29546T	
C21789T	
T29685A	
T3931C	
C26833T	
G26144T	
C3987T	
G20887A	
G5357T	
T23084C	
A915G	
C10319T	
G23522C	
T14295C	
C19273T	
T7876A	
C14805T	
G24236T	
G25183T	
G28881A	
G29692T	
T28743C	
G5572T	
T2446C	
C3411T	
G174T	
A2406G	
T15399C	
C28311T	
C23707T	
G26746T	
G29645T	
G29795A	
G29798A	
G29800A	
C29801A	
C29802A	
C29803A	
T1368C	
C6990T	
G18985T	
G28378T	
C1059T	
C20736T	
C27925T	
C23996T	
G25598T	
C6195T	
C3365T	
A975C	
G3564T	
G24933T	
T27384C	
C28826T	
C16470T	
C27012A	
A25056G	
C15480T	
C28826T	
A6616G	
G13627T	
C15540T	
A28338G	
G204T	
C4455T	
C8917T	
T18477C	
G28899A	
T586C	
A1123G	
G2448T	
G18873T	
G25302T	
A7755G	
A16638G	
G28851T	
A13953G	
C26622T	
A3786G	
C1346T	
C21575T	
G2659T	
C23127T	
C10038A	
C3096T	
G29212T	
C12781T	
G17944T	
C28824G	
G2604T	
G8790T	
G11535T	
G13571T	
G14277T	
C14571T	
C12546T	
C16375T	
G3564T	
G24933T	
G11535T	
A29731G	
C10741T	
C9724T	
G17944A	
C21914T	
G29405C	
A4236G	
T25655C	
A19137T	
G28842T	
A6295G	
C7165A	
C12439T	
C20235T	
C26111T	
G3564T	
G24933T	
C26606T	
G2286A	
C5907T	
C2048T	
T7270C	
C18086T	
A29052T	
A21137G	
C1780T	
T14805C	
C5310T	
A24118G	
G7641A	
T29637C	
G17058T	
G28230T	
A20742G	
C16887T	
C1060T	
C22323T	
C2558T	
C3457T	
T24406G	
C15960T	
G26959A	
C18568T	
A26166T	
A21137G	
T211C	
G23984A	
G26763T	
T28543C	
A13922T	
C6040T	
G21786T	
G25471C	
G17790T	
A17367G	
C25207T	
T17247C	
C1612T	
G22381A	
G24794T	
T6691C	
C7843T	
A13768G	
A15869T	
C17639T	
G19542T	
C28915T	
C24378T	
C26894T	
C9158T	
C22323T	
C26606T	
A27424G	
C28776A	
C5884T	
C8782T	
A17858G	
C3885A	
C6027T	
A10236G	
C17750T	
C24130T	
G25563T	
T2266C	
T3034C	
C16054T	
T17859C	
G29751C	
A28762G	
A7479G	
C25572T	
C7334T	
C15222T	
C21575T	
C28887T	
G12191T	
G16188T	
C19524T	
A8667G	
C11074T	
A2345T	
A1515G	
G3851A	
T7771C	
G12565T	
C9223T	
T6079C	
A14224G	
C4331T	
C28775T	
G4510T	
A10912G	
G20931T	
G18907T	
A21625G	
G21795A	
T23335A	
G1148T	
T13064C	
C17747T	
G26006C	
C3903T	
A17799G	
C1213T	
G1820A	
G29321T	
C27889T	
A2283C	
C23987T	
G1944A	
A5317T	
A16597G	
C9438T	
C988T	
G1857T	
A5570G	
T2423G	
C11750T	
G28451T	
C28253T	
C29585T	
C12525T	
G12832A	
C1469T	
G29254T	
A6616G	
C1625T	
G28739T	
A19166G	
A15779C	
G24368T	
C29518T	
G7128A	
A1587G	
G443A	
C2710G	
C25214T	
G12832T	
C10029T	
C241T	
T22384C	
C17247T	
C5730T	
G18985T	
A2826G	
C6627T	
T18396C	
T4008C	
G28747T	
C15237T	
C26447T	
C18457T	
C7869T	
C25493T	
C4755T	
G1730A	
C8917T	
C8290T	
C11671T	
C9207T	
C19813T	
G1820A	
C4965T	
C8078T	
T16906C	
C14267T	
C24023T	
C2091T	
G7393T	
A10323G	
C2470T	
G20356T	
A20636G	
C27213T	
C5142T	
G15380T	
G29260T	
G370T	
C15240T	
T25070C	
C10623T	
G16852T	
A25625G	
G26308T	
C28732T	
C25002T	
A20288G	
G5880A	
C10641T	
T14141C	
C21855T	
G1890A	
C27883T	
A23003C	
G3564T	
G24933T	
G12071A	
G19072T	
C541T	
C1314T	
A2196C	
C17172A	
C25603T	
C3738T	
G12188T	
G10754A	
C8078T	
A25656G	
T15129C	
T11083G	
C2668T	
G22708T	
G17443T	
T10600C	
C23244T	
A1321C	
T11857C	
C28663T	
G29543C	
C8090T	
T25975C	
C29625T	
C1545T	
C29482T	
A2480G	
C13059T	
C17010A	
C2558T	
C6762T	
T16491C	
A21706C	
C20402T	
G24926T	
G29254T	
A11090T	
A28175G	
C29739T	
A4828G	
C23854T	
T27205C	
G28221C	
C1059T	
T6427C	
G14712T	
G16654T	
C27804T	
C15368T	
G25407T	
C25626T	
C5467T	
G22225T	
G24740T	
G1820A	
T8599C	
G20937T	
C4827T	
C18508T	
C18713T	
T11182C	
G23593T	
C26885T	
C527T	
C13721T	
T457C	
G7684A	
C14391T	
C29253T	
C4084T	
G25494T	
A26319T	
T10480C	
T26130C	
C27559T	
C11074T	
G27217T	
C21642T	
A6474G	
A9634T	
C29774A	
T6971C	
G6975T	
G6977A	
C9170T	
G23755C	
C23034G	
C26464T	
T22896C	
A23122T	
C24734T	
A10323G	
C18652T	
C12781T	
A1230G	
C27791T	
G3863A	
T28852C	
C21575T	
G4207T	
C17010A	
C19027T	
C6568T	
C23604A	
G11376T	
C27600T	
G388T	
C8078T	
C8917T	
G10631A	
C10889T	
G16795T	
C5031T	
T26488C	
C29686T	
C18252T	
G18255T	
G21604C	
C27208T	
C28744T	
C7011T	
C23533T	
G7160C	
C3540T	
T25422A	
G11405A	
C28869T	
C8692T	
C8715T	
C19895T	
G29779T	
G20006A	
C10615T	
A19476G	
C7279T	
A1399T	
G14187A	
C583T	
A700G	
A15405G	
C27331T	
T21072C	
C6151T	
G5665A	
T11748A	
C2910T	
C28887T	
C7420T	
C2644T	
C26994T	
C22747T	
C241T	
C14198T	
C25317T	
C23638T	
C22088T	
G18255T	
T1477A	
C21789T	
C5301T	
T22144C	
T9964C	
C12897T	
G28562A	
A6761G	
A8651C	
C25047T	
C28868T	
C12194T	
C16887T	
G18078A	
G22661T	
C2607T	
A17656G	
T15849C	
C28000T	
A8381G	
G27382T	
C21910T	
C28331T	
C13119T	
A23403G	
A4015T	
G9111A	
C10232T	
A4912C	
G24095T	
T10825A	
A427T	
A12875G	
A5650C	
G9856T	
G3539T	
G12322T	
C9391T	
C23127T	
C29675T	
C14786T	
C25517T	
C28854T	
C11139T	
A10828C	
A11781G	
C27644T	
C16616T	
C26781T	
C1457T	
T6760C	
T14145C	
C16329T	
G4631A	
G27261T	
G4510T	
A25048T	
C1926T	
T22416C	
A22420T	
G284T	
C12068T	
C7165T	
A23702T	
T9877C	
C11074T	
C19763T	
G29348T	
A2000G	
C21411T	
A28119G	
A29031G	
G210T	
G5704T	
C25480T	
C16762T	
G25311T	
C7926T	
C27600T	
C5340T	
T22574C	
C4455T	
C12231T	
C7735T	
A21137G	
C12153T	
G315T	
G29742A	
C28876T	
C11074T	
G28079T	
C28331T	
G28380T	
C26044G	
C24964T	
A16410G	
C26801G	
C28021T	
G29427T	
A1350T	
C19186T	
G26840T	
C20703T	
C4897T	
G29414A	
T25519A	
T25957C	
T13599C	
G25455T	
G26426A	
C25700T	
G25947T	
C18979T	
T18237C	
C3540T	
C193T	
C19983T	
G23749T	
C17304T	
T25228C	
C28606T	
A11246G	
T26301C	
G713T	
C21707T	
C203T	
C14889T	
C26533T	
C3768T	
A16474G	
G26144T	
C28849T	
G17596A	
T21524G	
C21575T	
T7156A	
G7178C	
G22661T	
G21853A	
C25460T	
C21859T	
C10138T	
C18885T	
G27147C	
T3163A	
T16272C	
C398T	
C27131T	
A1904G	
C8090T	
C10789T	
C17733T	
C25568T	
C28348T	
C5826T	
C5628T	
G11083T	
C11471T	
C11824T	
C21575T	
C8782T	
C23347T	
G14122T	
G28878A	
G29742T	
C4540T	
T9477A	
C14805T	
G25979T	
C28311T	
C28657T	
A23403G	
T28144C	
C28863T	
G2604T	
G3564T	
G11535T	
G24933T	
G25690T	
A9241G	
C21575T	
C8645T	
G24053T	
T13212C	
G18546T	
T18909C	
C26028T	
C8140T	
C10993T	
C19961A	
G2144T	
C23422T	
G22349T	
C25207T	
G18433T	
C24729T	
C19264T	
C5540T	
C1190T	
T27977G	
G11083T	
A27347G	
C15328T	
C27393T	
C25867T	
C15315T	
G14414T	
G17632A	
C28253G	
T28311C	
C25714T	
C26029A	
G22302A	
T5104C	
T4540C	
C25553T	
T8782C	
C23280T	
C6638T	
T28118C	
G28287T	
A2805G	
T20327C	
T1570C	
A10323G	
G29705T	
G15359A	
C8874T	
A9477T	
A23586G	
C18582T	
C12781T	
C26642T	
C1707T	
C20801T	
A21694G	
C6402T	
C11674T	
G29402T	
C20582T	
C21697T	
C26681T	
G4412A	
C28005T	
C11109T	
T16875C	
G28378T	
G29543T	
G25839A	
A22151G	
G27583T	
G10642A	
G14500T	
C28760A	
C10232T	
G25654T	
C9924T	
A15641C	
C9951T	
G28845T	
C20270T	
G20126A	
G22661T	
A29683T	
C10741T	
C12621T	
G7736A	
C13724T	
C21575T	
A25256G	
G23608T	
G29736A	
C1514T	
T12027C	
G28179A	
C14760T	
T27922G	
C21789T	
A11755G	
G25352T	
C5974T	
C19017T	
G431A	
C25710T	
C28725T	
C292T	
C854T	
G22468T	
G16396T	
A29088G	
A25060G	
C25153T	
C9442T	
C11962T	
A14823T	
C875T	
C6255T	
A20637G	
C12756T	
G2293T	
C16887T	
C5849T	
C17634A	
T4949C	
G11831A	
G18651A	
G20893T	
C3787T	
G1125A	
C27911T	
C16362T	
C9857T	
C16596T	
A24190C	
C1221T	
C21306T	
C18888T	
G24368C	
C7423T	
A6616G	
G21641T	
G15708C	
A19338G	
T5551C	
A29313G	
C20270T	
G2782T	
G29737C	
C1218T	
C11752T	
C19170A	
C2558T	
T17031C	
C26533T	
G29711T	
C7815T	
T23590C	
G28178T	
C799T	
C1218T	
G27806T	
C26907T	
C5696T	
T514C	
C5512T	
G19999T	
C29144T	
T5465A	
T6685G	
G7850T	
T19355G	
G18816C	
C17410T	
C14913T	
C18647T	
A21137G	
G25440T	
C22591T	
C25886T	
C28923T	
C683T	
C2106T	
T4057C	
C21005T	
C10376T	
C8157T	
G25775T	
C8092T	
C8389T	
C10833T	
A13631G	
C19961A	
A11991G	
C12357T	
C21855T	
C6696T	
C11001T	
G17122T	
C21711T	
G18090T	
C9223T	
A17799G	
C854T	
G3287T	
G25323T	
C4683T	
C5392T	
C27874T	
G29587A	
A23359G	
C12621T	
A4473G	
A1646G	
C14636T	
C25207T	
A25594C	
C6573T	
C12823T	
G29734T	
T1368C	
G14071A	
C20736T	
C23707T	
C14621T	
C1912T	
C25571T	
A18333T	
C19011T	
T13345C	
C17999T	
A12746C	
C16247T	
A21137G	
G26266A	
C23422T	
C10632T	
G2100T	
C27219T	
C17898T	
C5007T	
C8917T	
G28878A	
G28237T	
C18570T	
C23191T	
C26124T	
G1440A	
G2891A	
G12832A	
C17822T	
G27235A	
A6944G	
C9430T	
C12651T	
C10507T	
C7428T	
G9526T	
A10323G	
G11299T	
C19113T	
G28077T	
T10284C	
G25135T	
C4668T	
C28708T	
A12976T	
C1734T	
C1929T	
C9223T	
G29260A	
C7011T	
G28812T	
G210T	
G22205C	
C11074T	
G11083T	
G25593C	
C10198T	
G12202T	
C28854T	
C27661T	
C1593T	
C25721T	
C28868T	
A4140G	
A27669G	
C27928T	
T9894G	
C10956T	
A11399G	
G21753T	
G4720T	
C16329T	
G6463T	
C26568T	
G3564T	
G11535T	
G24933T	
G28517T	
G25784T	
C27577T	
G28851T	
C2371T	
G1186C	
T6954C	
C9857T	
T24685C	
C5183T	
C16887T	
G18651T	
G17523T	
G24140T	
C29592T	
T6732G	
T14483C	
G14486T	
C18312T	
T25051C	
C1722T	
C10401T	
C4795T	
C5467T	
C16375T	
C25517T	
C17550T	
C25669T	
G6080A	
C21575T	
C28786T	
C8818T	
A572G	
C23625T	
C12756T	
A15249G	
C1848T	
C28606T	
G26660T	
C9491T	
A15779G	
C8991T	
A27198G	
C9438T	
C25685T	
A29467T	
C17999T	
T19749C	
C24382T	
C12923T	
C28854T	
A5084G	
T4463C	
C4596T	
T7144A	
T8800C	
A21137G	
A27759G	
C12710T	
C15613T	
G29315T	
A17460G	
C9430T	
T14313C	
A10770G	
C25466T	
T27761C	
C8727T	
T15915C	
C8626T	
T19209C	
C5157T	
C17555T	
C27213T	
G11540T	
A16006G	
C5997T	
G12647A	
C19269T	
C20436T	
A12571G	
C21575T	
G8274A	
C24034T	
C15324T	
C29303T	
C5025T	
G20383T	
A15477G	
T21644C	
C24130T	
C14676T	
C28826T	
T23569C	
C14408T	
A8879G	
C19118T	
C17410T	
C241T	
A23403G	
C799T	
A20268G	
G14428T	
T14408C	
G25979T	
C3037T	
T25825C	
A25826T	
T25827A	
G25947A	
A25948G	
T25949A	
C23393T	
T14408C	
C1555A	
A9238G	
G28881A	
G28882A	
G28883C	
G4556T	
C15441T	
C27527T	
G3955T	
G16117T	
A1015G	
A3625C	
T17688C	
C5192T	
G18907T	
C22314T	
T24796C	
G25537T	
C26150T	
G27798T	
T25554G	
T8004A	
C8140T	
A2932T	
C18754G	
C23751G	
A25588T	
A25591G	
A163G	
A16422C	
C3393T	
T4387C	
C7728T	
C1281T	
G6352T	
G27561T	
C679T	
C16386T	
A8945G	
T24022C	
C12053T	
G25088T	
G15543T	
C25317T	
C29370T	
G8653T	
C21772T	
C6026T	
G22051T	
G21142A	
C23202T	
C9763T	
C25624T	
C26002A	
C10755T	
C12854T	
C19813T	
C25587T	
G29745T	
C1403T	
G25552T	
A10630G	
G1245A	
G21159A	
A23670G	
C13694T	
C28310T	
C10208T	
G25459T	
G11521T	
G15016T	
C29284T	
G11842A	
A25910G	
C1150T	
A22481T	
G29256T	
G3259A	
C17397T	
G28904T	
C2724T	
C5822T	
C15763T	
A28811T	
G18938A	
C1473T	
C9073T	
G12014A	
G29473A	
C16869T	
C16111T	
A19939C	
C14821T	
C21575T	
G21724T	
G4309T	
C5512T	
T27687C	
T6274C	
C29370T	
C24107T	
C12138T	
C6487T	
T18768C	
G526T	
C1218T	
C2973T	
C25791T	
C21242T	
A12097G	
C19572T	
G922A	
T18436C	
G5561A	
C5730T	
C5547T	
A1461G	
G10870T	
G15850T	
G23587T	
T11638C	
C29708T	
T9258C	
C19216T	
G23856T	
G2582T	
C13047T	
G3955T	
G3564T	
A4987G	
C18431T	
G22424T	
G24933T	
C313T	
C18261T	
C24863T	
G25135T	
G25690T	
G28086T	
G28337T	
G8790T	
C27046T	
G11535T	
G13571T	
G28557T	
C29666T	
A10948G	
C27542T	
C16726T	
A20262G	
T9172C	
G26730T	
G16068T	
G10265A	
C959T	
T27618C	
C15963T	
C26907T	
T29148C	
G10704T	
G18225T	
A9749G	
T27299C	
C4560T	
C25782T	
C29670T	
C9246T	
C17165T	
G29786C	
C622T	
G29783T	
C23613T	
C25672A	
A29782C	
C7504T	
G26416T	
C26533T	
G2173A	
C19170T	
C25275T	
G19509A	
C7083T	
G23285T	
G23429T	
C1190T	
C6861T	
T27844G	
G19101T	
C25480T	
A406G	
C6194T	
G2659T	
C14821T	
G28077T	
C10376T	
C16329T	
C20941T	
G2076A	
C3373A	
G29422T	
C26895T	
C28000T	
T13532C	
G25906T	
C14688T	
C9733T	
C11195T	
C1912T	
C28866T	
C4246T	
C9246T	
C15216T	
C6752T	
G14347A	
C20628T	
C5192T	
C5259T	
G28077T	
A17940T	
C823T	
C2507T	
G23403A	
T19839C	
G22180A	
C24099T	
G23868T	
C3732T	
A11839G	
G16377T	
G23856A	
T12015G	
C26873T	
C21648T	
C26681T	
G11801A	
G25552T	
T7168C	
G4504A	
G6364T	
T16671C	
C1911T	
T4186C	
C829T	
C6027T	
G24586T	
C18348T	
T5573C	
C6380T	
T29607C	
G4508A	
C313T	
C21855T	
C29585T	
C13384T	
C29353T	
A22168C	
A5608G	
G20995A	
C24789T	
G25522A	
C26882T	
A26945T	
C6395T	
G28851T	
G10105T	
G11221T	
C25904T	
A3076T	
C2980T	
C29249T	
G174A	
C26873T	
C1178T	
C22224T	
C20178T	
C29614T	
C21139T	
T20064C	
C27128T	
G28086T	
G28960T	
C20930T	
G22627A	
G28628T	
G28337T	
C11979T	
G26849T	
C3096T	
G10097A	
C23731T	
C10369T	
C23248T	
G28541A	
G1355T	
G17964T	
T13216G	
T20923C	
C6487T	
C18486T	
C21233T	
G25647T	
C18929T	
C25797T	
G5678A	
C16457T	
G19999T	
C27684T	
T8777C	
T3100G	
G25947T	
G8174A	
C24759A	
C29253T	
G4124A	
G12769T	
T21408C	
C27026T	
G28077T	
G28985T	
C25521T	
C13584T	
G28580T	
C28948T	
C17678T	
C21575T	
G27390A	
G26056A	
C4002T	
C13536T	
G848T	
C28432T	
C19718T	
G21538T	
C29774T	
C11620T	
C14184T	
C21058T	
G28086T	
A28811G	
G11083T	
C27406T	
G25660T	
C18246T	
G28908T	
G10157T	
G25775T	
C26801T	
G22487C	
G5792A	
C28724T	
C21646T	
C27046T	
T6334C	
T20497G	
A21803G	
G23311T	
A24778G	
A25381C	
T25704C	
C28814G	
C29784T	
C29095T	
C29642T	
C20031A	
G29392T	
G15349C	
T29104C	
C1514T	
C22277A	
C23635T	
C9565T	
C26256T	
C16393T	
C842T	
C11572T	
G25249T	
C26461T	
C20031A	
G16075T	
T18689A	
G19735T	
C23086T	
C29095T	
C20936T	
G21987C	
A3846G	
C28344A	
T3862A	
C16949T	
G18756A	
C19391T	
C10741T	
A25958G	
C24054T	
T22324C	
C3253T	
A13928G	
G4280A	
G28812T	
G27621T	
A23618G	
A1633T	
G22627T	
A19126G	
C2939T	
C7732T	
C11674T	
G19656T	
C29666T	
G29540T	
G26640T	
A2497G	
C11919T	
C4827T	
A6371G	
G13920T	
G11534A	
G27703T	
C16848T	
C5365T	
C15720T	
G21099T	
A6869T	
C7224T	
C18167T	
G29135A	
C1191T	
A2207G	
G24770T	
C28868T	
A26927G	
C5986T	
G29701T	
G18020A	
G4955A	
A11439G	
T25473C	
T27233C	
G26951T	
G27281T	
C5544T	
C11941T	
G28851T	
C16887T	
A27751T	
G27014T	
C24863T	
T25191C	
G21830T	
G29229A	
C29253T	
G4444T	
C2997T	
G16864A	
G25273T	
T25815C	
C25482T	
T27560C	
T14709C	
G27877C	
G7071A	
G8102T	
G1658T	
G14383T	
C11355T	
C21575T	
C25916T	
G11083T	
G2164A	
G28233A	
C12809T	
C7945T	
G25785T	
G29449T	
A8072G	
C1779T	
T26294C	
C15857T	
G27430A	
C29733T	
C28754T	
C12412T	
A3962G	
C25810T	
C3796T	
C6636T	
C24130T	
A25454G	
C900T	
G18859T	
G2164A	
C8320T	
G16197T	
C2306T	
C16887T	
G19327T	
C3261T	
T24151C	
G26828T	
C913T	
C203T	
G25644T	
C5140T	
C17550T	
C5457A	
C26447T	
A10592G	
G11365T	
A21519G	
T19984A	
G1145A	
G27906T	
G21204T	
A8533G	
C27812T	
C9214T	
C17676T	
G24977T	
C20283T	
C21034T	
A3921G	
T14988C	
T937C	
G29402T	
C12084T	
A26650G	
C12651T	
C2675A	
C14396T	
C25658T	
C25672T	
G22638A	
C21359T	
C12525T	
C8917T	
C27371T	
C25831T	
G20569T	
G28621A	
C26996T	
T20989A	
G26615T	
C29296T	
T23042C	
G28727T	
C23248T	
C29259T	
G16813A	
G23342A	
G25593T	
C1625T	
T28067A	
C14898T	
G29747T	
C13501T	
C20698T	
G411A	
C19264T	
C15324T	
C28603T	
C6573T	
C25528T	
T6427C	
G21168A	
C21597T	
C22687T	
A17993G	
A25505C	
C21575T	
C12747T	
C19488T	
A11268G	
C14805T	
G21624T	
G13749T	
G17808T	
G27915T	
C17118T	
T5465C	
G29734A	
C15371T	
G4207T	
C18744T	
C2695T	
C19172T	
T721C	
G29254T	
C3261T	
C20320T	
G27358T	
C4467T	
G15380T	
C27323T	
C27679T	
C8660T	
C1437T	
G24933T	
C8357T	
G7042T	
G13858T	
C22326T	
G2164A	
G7393T	
T6430C	
G29747A	
C21242T	
G25947T	
C29095T	
A11506G	
A2869G	
G28001T	
C11008T	
T15825C	
C20762T	
G3564T	
C21575T	
C14786T	
C3784T	
A11585G	
G29781T	
A11537G	
C5055T	
C7267T	
G28703A	
A1807G	
G26152A	
C20148T	
A27974G	
G7038A	
G29395C	
C10969T	
G944A	
G28003T	
G19684T	
A25449G	
A215T	
C28377T	
C8782T	
T11244C	
C21263T	
C17285T	
C23422T	
A4479C	
C6738T	
C16293T	
A20268G	
T23849C	
C29686T	
C5144T	
G29227A	
C25667T	
C22208T	
C20823T	
A700T	
C21622T	
C15324T	
C19602T	
C16260T	
G17944T	
G6975T	
G6977A	
G24751T	
C5544T	
A10990G	
T1483A	
C4809T	
C22855A	
C22858A	
T22861A	
T22863A	
C8782T	
A26530G	
C15324T	
C25710T	
G3564T	
G24933T	
G11858A	
G1914A	
C25433T	
G21724T	
C18656T	
G14773A	
C29546T	
A10258T	
C26527T	
A15860G	
G6532T	
G28985T	
A14485G	
G248T	
C23277T	
T4258C	
G167T	
G22468T	
C21575T	
C16887T	
G11083T	
T22276C	
G28899C	
T10561C	
C25350T	
C18267T	
G28077T	
C7528T	
C17762T	
C27532T	
T27682C	
G21830T	
C1714T	
G20434T	
C26858T	
C11681T	
C27005T	
C3411T	
C25539T	
C13517T	
A4518G	
C9532T	
C14708T	
G8600T	
C21859T	
G18394T	
G10310A	
T14700C	
A187G	
T22501C	
C29535T	
G7798T	
C9246T	
C16017T	
T16515C	
A6956C	
C10728T	
G17014T	
C7011T	
C26013T	
G20991A	
C22480T	
C27727T	
C15857T	
G18651T	
A11439G	
C13665T	
C1616T	
C1191T	
G21987T	
G29557T	
C25916T	
C13620T	
T27722C	
G11417T	
A28989T	
C15324T	
C13051T	
A23720G	
G19684T	
C643T	
C3787T	
C13458T	
G19388C	
C21552T	
C24990T	
G15982T	
G28233T	
C2453T	
C18171T	
G13571T	
G20038T	
G20237T	
C16428T	
G7065A	
C16762T	
T1270C	
C28818T	
C6310T	
C5457T	
C18828T	
G11083T	
C17410T	
C18981T	
C15277T	
C10350T	
C8394T	
C3987T	
G28202A	
T4684C	
T16342C	
C18312T	
G15444T	
T5260A	
A8651C	
C27208T	
C24023A	
G16846T	
C11572T	
C28355G	
C16699T	
T19350C	
C18570T	
A23665C	
T24769G	
A8651C	
C1912T	
G23873T	
G25906T	
C20468T	
G26185T	
A26530G	
C10647T	
A28792G	
C884T	
C4276T	
C13377A	
G15575T	
C29541T	
C27524T	
C335T	
G20398A	
C8293T	
T18488C	
T24739C	
C1218T	
A16455G	
G3564T	
G24933T	
G26530A	
T7438C	
C29353T	
A20268G	
G9802T	
C1489T	
G19679T	
G28739T	
A25761T	
C9967T	
G16146T	
C25782T	
G4255T	
C1267T	
T16456G	
C20051T	
C2933T	
G14511T	
G16935T	
G20995T	
A20355G	
G28373T	
C13517T	
C15240T	
C26681T	
G29737A	
C28775T	
C18568T	
T3725G	
G16221T	
A17829T	
G18310A	
G845T	
G29779T	
C14980T	
T9853C	
C14708T	
G18214T	
C151T	
G645A	
A3830G	
G29706T	
C27532T	
G18149T	
C5007T	
C14554T	
A15175G	
G29315T	
C4575T	
C18486T	
G22865T	
C29585T	
G27261T	
C29421T	
C2940T	
T6842A	
T26232C	
C14786T	
A24862G	
G23339T	
T658C	
C28629T	
C20031T	
C27476T	
C29541T	
C24378T	
C26013T	
C29144T	
G1882T	
C8208T	
G1820A	
C27661T	
C27673A	
C28146T	
G22583A	
T29059C	
C9803T	
T26512C	
G27670T	
A21999G	
C23709T	
G9220A	
G11417T	
C11414T	
G28001T	
A6466G	
A22374G	
G28396A	
C29451T	
G3467T	
C26789T	
G27238T	
G2293T	
G25993A	
G27506T	
G28487A	
G285A	
G7798T	
C9165T	
C5506T	
G14241T	
C19374T	
C19151T	
G23612A	
G6236T	
C14585T	
G613A	
G22346A	
G15898T	
A25905T	
C11322T	
C1376G	
C6504T	
T1978A	
C12781T	
C16750T	
C18917T	
C1648T	
C2113T	
G14580T	
C9474T	
G22104T	
G3994T	
G15910T	
T17835C	
G29254T	
G11083T	
A20268G	
C25721G	
C25904T	
G10886A	
C25350T	
C14805T	
C15960T	
A187G	
C1722T	
C4886T	
G4609T	
A6869T	
G17331T	
C17976T	
C23533T	
G27008T	
T11083G	
A25575C	
C12242T	
C16887T	
C22264T	
C16293T	
A20268G	
A6248C	
G15732T	
T19143C	
C2401A	
C25916T	
C27684T	
T13210C	
G13348T	
G29260T	
C9561T	
C17285T	
C25002T	
C27577T	
C27644T	
C3695T	
A4544T	
C29743T	
G11719A	
G9269T	
C11591T	
G6364A	
A18710G	
C10604T	
C18929T	
G29227T	
C29463T	
C6696T	
C8752T	
C17125A	
C5039A	
G15760A	
C5849T	
T11959C	
G21204T	
C7165T	
A161T	
G2780T	
G25483A	
G15438T	
C15546A	
C23086T	
G28827T	
C5646T	
C26270T	
C28367T	
C28708T	
G29425T	
A3215G	
T27922C	
C17639T	
G18105T	
A28222G	
C28638T	
C1519T	
T1671C	
C7834T	
C20259T	
G29009T	
G27506T	
A29700G	
A1308G	
T17126C	
C26464T	
C17746T	
C27263T	
C228T	
C28770T	
G9190C	
G25494T	
C28546A	
C28854T	
G5194T	
T11698C	
C25672T	
C26882T	
G26951T	
A686G	
T693C	
C17375T	
C8318A	
C26111T	
C799T	
A24121G	
T13157C	
A1367C	
A489G	
A15709G	
G29734C	
C823T	
G29473A	
C3619T	
G15689A	
C1387T	
G25337T	
C4455T	
C16303T	
T17765C	
T27438C	
G13835T	
A3406T	
G10368A	
C17104T	
G4180A	
C8025T	
G7798T	
G22104T	
G16935T	
C22295T	
C11003T	
C6633T	
C11663T	
C3784T	
C24240T	
C12213T	
C22088T	
G17259A	
G21624T	
C5223T	
T18411C	
A13660G	
C27981T	
G3089T	
T27299C	
G20002A	
C8950T	
C8208T	
T8983A	
G24959T	
C3551A	
T12066C	
C3425T	
C2937T	
A10323G	
C2918T	
C24337T	
T18603C	
T24063C	
G3548A	
C12068G	
C21855T	
C21359T	
C25603T	
A20473C	
A1331G	
A8203G	
G24193T	
G25424T	
G22630T	
C20759T	
C16575T	
G26951T	
G27163T	
G28329T	
T29360C	
T15021C	
C11962T	
G13966A	
A3911G	
C26028T	
C8772T	
G29009A	
G21786A	
G24077T	
C6573T	
G22363T	
C6723T	
T26094C	
C8139T	
G29227T	
G11535T	
G14277T	
C13568T	
G18745T	
C29037T	
C29268T	
C29555T	
C28720T	
C9165T	
T22345C	
C15324T	
C3619T	
A20374G	
C27276T	
G675A	
C6539T	
C10748T	
A21137G	
G17722A	
G28374A	
C29171T	
C560T	
C28253T	
C24096T	
T6130C	
A13951G	
G26107A	
T8156G	
C7844A	
C20178T	
A20472G	
C20629T	
G29747C	
A11935C	
T27419C	
G23628T	
G3728T	
C13740T	
C23206T	
C18904T	
G25687T	
A3260G	
G21867T	
G25606T	
A26513G	
G28690T	
G22918T	
C23557T	
A618G	
T12828C	
C26499G	
C13059T	
A7770G	
C9541T	
C3688T	
G4047A	
C3634T	
A6081G	
G3564T	
A10323G	
A761G	
T19519A	
C25831T	
C4084T	
T3011C	
C26256T	
C29668T	
C21811T	
C9967T	
T8335C	
C5184T	
C10301A	
G26049T	
G17944T	
A23922G	
T25051C	
C1884T	
T26497C	
C6730T	
A5618T	
G24992T	
C26309T	
C13862T	
C28836T	
C10798A	
C15017T	
G9209C	
C8140T	
C18814T	
C6990T	
G12988T	
C26111T	
G14866T	
G15181A	
T17137C	
C29200T	
G13975T	
G25650T	
C15857T	
C8895T	
G26109T	
C28776A	
A22007C	
C27476T	
T818C	
T22435C	
G27703T	
C13730T	
A16838C	
G27987T	
G4201T	
C26527T	
C26684T	
C29739T	
G3564T	
G9087T	
C27005T	
G28089T	
A25048T	
G29778T	
C9491T	
A16619G	
G27877T	
G20275A	
A5560C	
T25612C	
T17247C	
G27415A	
C3792T	
T24376C	
G24626T	
G28857T	
C12242T	
G24794T	
G20057T	
G19962T	
A3061G	
T17682C	
G5230T	
G23948T	
C6636T	
C10456T	
G680A	
C14741T	
C683T	
C21516T	
C29640T	
A187G	
A5650G	
G5384T	
G22899T	
A2982G	
G18756T	
C15720T	
G23522A	
C25738T	
G4510A	
G22225A	
C26801G	
T7438C	
C29353T	
C5842T	
A21944T	
T24152C	
C12528T	
A26864G	
C527T	
C27630T	
G9479T	
T15166C	
G20995T	
G29332T	
A21137G	
A28259G	
C15720T	
G1524A	
A4235G	
T28902C	
C2455T	
C10450T	
A4060G	
C24896T	
G11527T	
C22879A	
G189A	
C302T	
G1264A	
C14407T	
T5593C	
A10323G	
C10138T	
C25452T	
G3831A	
A1801G	
C6385T	
C29718T	
A13318G	
G25429T	
C9532T	
C20703T	
A13640G	
C2536T	
C10582T	
G28808A	
T6469C	
A9436T	
G17278T	
C20844T	
C6363T	
C8982T	
C26461T	
C7083T	
T20064C	
G1589A	
G29474T	
C28045T	
T577C	
C25587T	
G26458C	
A16546G	
C25916T	
G25354T	
C16289T	
C17440A	
C23709T	
C7011T	
G17058A	
G19072T	
C25624T	
C11956T	
C5826T	
G27703T	
G28576A	
A19958G	
G23426A	
C20594T	
G28300T	
C2070T	
C5869T	
C18698T	
C26195T	
C19273T	
C19441T	
A26045G	
C29769T	
C15720T	
G23628T	
T22223C	
C21587T	
G13793A	
A9873T	
C28291T	
C1779T	
A28841G	
A6441G	
C18511T	
G21538T	
C23730T	
C13730T	
C23575T	
T3793C	
A16311G	
C28519T	
G29513T	
G17964A	
G24959T	
G23587C	
C21843T	
C1968T	
A12490G	
G15202T	
G25563T	
C2536T	
C9448T	
T15696G	
C4586T	
A13616G	
C19402T	
C20483T	
G28001T	
C28308T	
G9130T	
T13273C	
C24381T	
A10874G	
A2522G	
C2416T	
G19559T	
G23611A	
C29732T	
G6052A	
A22234G	
C3170T	
C26464T	
C29250T	
C1594T	
C11109T	
C8290T	
C18788T	
C3874T	
C3768T	
G29399T	
C8389T	
G1319A	
C11195T	
C21707T	
A25616G	
C5467T	
A8658G	
G15907A	
C337T	
T9208C	
C7964T	
T10339C	
C26461T	
A14912G	
C190G	
C26013T	
G25340A	
C21575T	
C15237T	
G27289T	
G28086T	
T27296C	
G25690T	
C7093T	
G18883A	
C2416T	
C10450T	
T17075A	
A4316G	
G11113T	
G22030T	
G26450T	
A5937C	
C12439T	
C12919T	
G16917T	
A20829G	
C6666T	
A29413G	
A12745G	
C20234T	
G210T	
C24378T	
G29543T	
C5055T	
G9652T	
C7224T	
C9430T	
G16846T	
C7819T	
G22014T	
C19884T	
C18981T	
G27593T	
T12722C	
C27925T	
G28925T	
C17441T	
G20578T	
G4510T	
C7765T	
G27670T	
C17069A	
C18557T	
G26233T	
C4543T	
T12112C	
G21974C	
C17690T	
A16942G	
G8371T	
G11083T	
C14688T	
A7177T	
G28166T	
G25909T	
G16968A	
A28860T	
C11199T	
C335T	
C29416T	
C12141A	
C3168T	
A19621T	
C11651T	
C29614T	
C21595T	
C14786T	
C19884T	
G20578T	
G9092A	
T25956C	
C28153T	
G19398T	
C25460T	
C19955A	
T25485C	
C18860A	
C26296T	
T17097C	
T24283C	
C25046T	
G11528A	
C8123T	
C18877T	
G932A	
C10507T	
C5392T	
C6449T	
C1091T	
C7528T	
T12010A	
G16741T	
C17004T	
G21204T	
G25767T	
A5466G	
A20841G	
C11289T	
T14619C	
C19938T	
C25516T	
G19847A	
A28480T	
G6032A	
C27092T	
G15672T	
C7765T	
C17690T	
A14535G	
C2113T	
C2997T	
G21452T	
C14323T	
C9534A	
G28968C	
C28969T	
A9534C	
G7312C	
G29742A	
T3982C	
C26985T	
C26735T	
G19006T	
G12248T	
T23599A	
C12741T	
C21304A	
G21305A	
C28054T	
C14178T	
G26718T	
C22444T	
C28854T	
G881A	
C22713T	
G24197T	
G15957T	
G17197A	
C23679T	
C7945T	
C10416T	
C27603A	
C7644T	
T18381C	
T14104C	
C21914T	
T29010C	
C6255T	
C12171T	
T8830G	
T9523G	
C21952T	
C1437T	
C25584T	
C28866T	
C6543T	
G18318A	
T1918C	
C14235T	
T6691C	
C26681T	
T11879C	
C10335T	
C2455T	
G23270A	
C29625T	
A6512C	
T13569A	
C4321T	
C16376T	
A9707G	
C25810T	
G12038A	
G26763T	
G11083T	
C6198T	
C1059T	
G13998A	
C17733T	
C18348A	
C20719T	
G26995A	
C12049T	
T13521C	
C22987G	
C25469T	
G29195T	
A13712G	
A20676G	
C6896T	
G25483A	
A18682G	
C29739T	
T1165C	
G1580A	
C25658T	
G27651T	
C27920T	
C28087G	
C28519A	
C874A	
C1884T	
G23501T	
C24133T	
G6443A	
G28827T	
A4015G	
G4951A	
T212A	
C233T	
C2536T	
C2842T	
G18937A	
G7017C	
A8527G	
A9034G	
C21697G	
C4551T	
G13451T	
C17949T	
T18351C	
G19684T	
A2165G	
C4810T	
G29711T	
C10319T	
G18213T	
G17572T	
G21809T	
G1874A	
C18261T	
C9214T	
C10889T	
C25821T	
C11124T	
T23036C	
A27821G	
T28820A	
G28960T	
C2306T	
C15952T	
G20134A	
A18702T	
G28373T	
C3787T	
C25553T	
G29751C	
C13665T	
A16387T	
A26055G	
C28519T	
C3130T	
C7843T	
T22939C	
G12866A	
C22000T	
C25680A	
C5884T	
C6449T	
C10376T	
G11926A	
C13487T	
C22858T	
C9803T	
C14645T	
C27434T	
G3248A	
A18710G	
C12676T	
C27686T	
T150C	
T153G	
G1743A	
G25555T	
A5608G	
G6536T	
C13255T	
C21736T	
T8068C	
G16221A	
A23083G	
G5432T	
G20709T	
A169G	
G285T	
T6075C	
A22975G	
T26707C	
A25067G	
G27478T	
G29779T	
G7393T	
C15678T	
G24834A	
G204T	
G8676T	
G28085T	
G29736T	
A29782C	
G29783T	
G29786C	
G319A	
G11375A	
C12664T	
C19017T	
C21114T	
G18844A	
G22344T	
C29200T	
T1666C	
C23520T	
C3924T	
G18090A	
G29179T	
C5310T	
C11979T	
C21843T	
A22525G	
G12769T	
G26452T	
A761G	
A6825C	
C186T	
G11552T	
T24907C	
T3178G	
G21225T	
T7984C	
C22802G	
C27500T	
A28675G	
G23856T	
C3177T	
C11471T	
T1592C	
C5869T	
C12415T	
C16222T	
C878T	
G1730A	
T10665C	
T15969G	
G16207C	
T23104C	
T23487G	
G3564T	
C27005T	
G29553A	
C5467T	
T27863C	
T28135C	
C27964T	
G28882T	
G8185A	
T17380C	
T21931C	
C23785T	
C5817T	
G22289T	
C5348T	
A8651G	
C25046G	
C2706T	
C12970T	
A23416T	
C28528T	
C29119T	
G28857A	
G17193T	
C29409T	
A4336G	
C10851T	
G28368A	
C9863T	
C17339T	
A22976G	
T18212A	
G23593A	
A23597T	
T23600C	
A11781G	
G16381A	
C203T	
A7040G	
T18371A	
A17615G	
C1917T	
C1887T	
G24794T	
C21648T	
C23673T	
G3564T	
G24933T	
C26176T	
A7990T	
G20419T	
A2786G	
A6133G	
G21920A	
A1547G	
C18928T	
C5183T	
G25691T	
T2851C	
G8102T	
C14877T	
G14712A	
G28851T	
G17193T	
G3004T	
G3564T	
G11535T	
G24933T	
A26459G	
G27490T	
C23029T	
T26483C	
C29724T	
A20766G	
G914A	
G21220A	
G24332T	
G26262A	
A15213G	
G26199T	
G9141A	
C29353T	
C19366T	
G22468T	
G23593T	
G25250T	
C27964T	
C10582T	
C18115T	
C25777T	
C26461T	
C5211T	
C17985T	
C23423T	
C24844T	
A26433G	
C28399T	
G2808A	
A18410G	
C1302T	
G1439T	
G4370A	
C18656T	
C2939T	
T11191G	
G25523T	
T27869C	
C16457T	
G4975T	
G15384T	
T29194C	
G11083T	
C17822T	
C21622A	
T14394C	
G16852T	
C541T	
C17372T	
G3564T	
G9968A	
A20755C	
C28093T	
G24933T	
C6504T	
C11916T	
G4678A	
C24844T	
C15154T	
A20755C	
G25593C	
G11535T	
C17403T	
C21711T	
G8790T	
C25731T	
C29625T	
C7735T	
C11757T	
C18501T	
C16329T	
C23536T	
A18639G	
C6040T	
C29259T	
C2706T	
C4321T	
G20853T	
C28265T	
C5986T	
C11036T	
C9360T	
C1437T	
C5974T	
C619T	
A14912G	
C20844T	
T28199C	
A22776T	
C22802G	
A22803C	
C10582T	
C5730T	
T3710C	
G29705T	
G15327T	
A21817T	
C27942T	
C27059T	
G5017T	
C29451T	
C2003T	
C2469T	
C12116T	
C23707T	
T6175C	
C26625T	
C26895T	
A27983T	
C10277T	
C12809T	
G428A	
T9171A	
A17950G	
C5240G	
C1392T	
G3251T	
G22093T	
C21772T	
C29037T	
C1917T	
C6128T	
C8964T	
C14262T	
G24620T	
C9967T	
G20005A	
G25740T	
C28332T	
A28848G	
T6703C	
G10981T	
T21458C	
C11919T	
C21998T	
C3165T	
G6446A	
A8031G	
C19264T	
C28821A	
C16260T	
G25088T	
T3144C	
G2447T	
G2914A	
G15708T	
C6402T	
G2198A	
G174T	
T18177C	
G18215T	
C11747T	
C12400T	
C8090T	
C13585A	
G7560A	
C22295T	
C10556T	
C21221T	
G19999T	
G21452T	
C5869T	
C18252T	
A3421G	
G3955T	
C29253T	
C527T	
C25889T	
C21646T	
A20755C	
A7770G	
A22455G	
C7006T	
C8645T	
C2106T	
C15154T	
C29247T	
C6638T	
C7735T	
A5914G	
A14747G	
C16658T	
T21872A	
T21891A	
C24374T	
C27131T	
C25688T	
C4320T	
C11020T	
A10801T	
C13252T	
G19480T	
C25803A	
G24834T	
A2653G	
C2822T	
T2823A	
T2824G	
A2825G	
A2826C	
T2827A	
A2831C	
T19294C	
A19946C	
C25413T	
T13006C	
C23929T	
G27430A	
T18768C	
C21642T	
T21585G	
G27514T	
T28297C	
C300T	
C13458T	
C14391T	
G4444T	
C1437T	
C379A	
C1267T	
T7672C	
C22802G	
A1308G	
C7420T	
T21980G	
C22224T	
G27163T	
G247T	
C18576T	
T2244C	
G10753T	
T3766C	
C20759T	
C27509T	
A10761G	
C22286T	
C21575T	
G5917A	
C22530T	
C8616T	
C8160T	
T3037C	
G21123T	
G18255T	
G29291A	
C27513T	
C3177T	
G14316T	
C27964T	
A13748G	
T1211G	
C5301T	
C27937T	
C1191T	
G21724C	
C13297T	
C21767T	
G24928T	
C17825T	
G25767C	
T3508C	
T16993C	
C21707T	
G26589T	
C19264T	
C28099T	
C28873T	
C22802G	
T345G	
C3157G	
C8293T	
A29006G	
C3411T	
C3267T	
C10319T	
A14012T	
C17894T	
C15720T	
C9438T	
C14768T	
G18782T	
G16622A	
T833C	
C11758T	
C14786T	
C15720T	
G21641T	
G11222T	
C14676T	
G29692T	
C11008T	
C23557T	
A7901G	
C18681T	
C12915T	
C20178T	
G25644T	
C27498T	
C10440T	
A11425G	
G15906T	
C18647T	
G16700T	
C28093T	
C29774T	
T6025C	
G28968T	
C21648T	
G26959A	
G2164T	
C6151T	
G20352C	
A7585C	
A8223C	
G26713T	
C24378T	
T191C	
T11131A	
C11916T	
T17661C	
C25487T	
C28728T	
G2945A	
G26466A	
C21342T	
A7705T	
A25143G	
A25744G	
C26370T	
C19018T	
T2561C	
G3564T	
G24933T	
A5637G	
C17118T	
C13252T	
C23604T	
T27919C	
G11527A	
C26111T	
G24086A	
C21575T	
G29540A	
A1856C	
A9034G	
C14925T	
C18998T	
A1972G	
C2156T	
T23032C	
G6123A	
C18657T	
C28139T	
A27363C	
C27807T	
C14362T	
G16852T	
G4925T	
G21372T	
G25776T	
G27676C	
A11101G	
G21830T	
G22468T	
G1181T	
A29776G	
A29782G	
G22225A	
G2635A	
C10341T	
C19884T	
T22441C	
A19902G	
G28307T	
G675C	
C27476T	
C10456T	
C12970T	
G25567A	
G26152T	
C13517T	
G199T	
A7291G	
C12153T	
G9572A	
A13758G	
C23854T	
C24334T	
G6102A	
C11878T	
A16534G	
G1782A	
C9142A	
C9962T	
T26084C	
A3559G	
A9737G	
A13711G	
G22487C	
G23224T	
C29274T	
G22225T	
G23868T	
T986C	
G13900T	
C6267T	
C2003T	
C29541T	
A6324G	
T11191A	
C28472T	
G6358A	
G17014T	
A6459G	
G598T	
C9166T	
T28105C	
C22444T	
G29239A	
A3546T	
G29477T	
A20553G	
T28151C	
C5886T	
A9372G	
G991A	
C10015T	
C18744T	
C1594T	
T1582C	
C4113T	
T11522G	
C6568T	
C29675T	
T27546C	
G20342A	
C17550T	
T22672C	
C28863T	
G25681C	
G29402T	
G10261T	
A6707G	
G12545A	
C25169T	
C14931T	
C8118T	
C14925T	
T13212A	
C8078T	
T19521C	
A28615G	
G18973T	
C17639T	
C6445T	
G22335T	
G25644A	
T23284C	
C10369T	
C15324T	
G26730T	
T9070C	
G9049T	
T10960C	
G18170A	
C28435T	
C26151T	
G980T	
C1009T	
C6040T	
T29278C	
A2018G	
C18029T	
G28373T	
G1685A	
G17149A	
T21995C	
A2160G	
G12167A	
A16060G	
A18009G	
C5622T	
T27407C	
C6145T	
C9246T	
G25217T	
G13921T	
C18060T	
A24520G	
C16260T	
C15763T	
G14792T	
C10851T	
C10138T	
C1917T	
C23893T	
C6573T	
T27299C	
T7020G	
C10851T	
G3564T	
C18788T	
C22530T	
G25305T	
C5365T	
C4890T	
C1812T	
C28789T	
C18395T	
C29370T	
G14122T	
G1820A	
G1757A	
C4084T	
C6395T	
T25496C	
C28737T	
C14183T	
A6331G	
C29199T	
C29732T	
G20931T	
C23439T	
C17825T	
G7787T	
C4158T	
G11417T	
C18175T	
G2249A	
C28708T	
C24964T	
G16975T	
G29405C	
G29422T	
C28139T	
G15760A	
T3993A	
G28371T	
T21775C	
C829T	
G15380T	
C1912T	
C17012T	
C29514T	
A6749G	
G25302T	
C27532T	
G23069T	
C16650A	
A1839G	
C2571T	
C15277T	
C29077T	
C22713T	
C19763T	
C15654T	
C29149T	
A4305G	
G29392T	
C26907T	
G28079T	
C7764T	
G16365T	
C26447T	
C29754T	
A29154T	
G2447A	
C25214T	
C21855T	
A26433G	
G20134T	
C21811T	
C21552T	
G28899C	
G2086T	
G29778A	
C16616T	
G20125A	
C6813T	
C21697A	
C24797T	
C29530A	
C8991T	
C920T	
C29614T	
G25218T	
C5497T	
C13501T	
C27128T	
C18457T	
G2281T	
A3416C	
C6582T	
C12854T	
C29738T	
G23519T	
C9264T	
C27549T	
C3622T	
C23635T	
C21742T	
A29683G	
A29792G	
C29274T	
C13548T	
C7728T	
C183T	
C17518T	
A17457G	
C13458T	
G21452T	
A2254G	
G23311T	
C2445T	
T14408C	
C6541T	
A13943G	
C21301A	
T27384C	
G1729T	
G23593T	
T15539C	
A2499C	
C6997T	
C16173T	
A29403G	
G29705T	
G14118T	
C29364T	
C20148T	
C12885T	
G24368T	
C25156T	
A29439T	
G29440C	
G219T	
G4162T	
C24621T	
C28893T	
C29353T	
C14120T	
A28955G	
C10376T	
G18583T	
G29773T	
G21724T	
T21745C	
G1126T	
C17825T	
T29418C	
C24099T	
C16887T	
T9511C	
G6266A	
G22484T	
G27390C	
C21575T	
C10449T	
A20055G	
C16750T	
G29553A	
G29705T	
G28077T	
C20555T	
C27812T	
C12880T	
C2880T	
T19149C	
G11966T	
C13005T	
C9118T	
T13672C	
T29308C	
G3307A	
G17562T	
G17679T	
C26456T	
C29724T	
G27916T	
C26801T	
G28881T	
C9180T	
C25572T	
C18744T	
C29284T	
G19072T	
G22203T	
C21711T	
C17403T	
C11919T	
G1495T	
C18364T	
C539T	
T26171A	
C23525T	
G13771T	
C19524T	
G10642T	
C12400T	
C1514T	
G2764T	
C23453T	
C17746T	
C14786T	
G28857A	
T27384C	
C25904T	
C7169T	
C27294T	
C13019T	
G2764T	
C1380T	
G3433T	
C1385T	
A4448G	
A11356T	
C635T	
T10831C	
G27593T	
A2182G	
G28209T	
T27546C	
C1594T	
C11916T	
C11956T	
G12052T	
C4113T	
A7824G	
C6730T	
C10851T	
C10078T	
C18329T	
C13133T	
C3738T	
G18433A	
C4947T	
C29167T	
C29253T	
G2809T	
G13126A	
G1125A	
C25006T	
G174T	
G12793T	
A3450G	
G13822A	
G23126T	
C18029T	
T12045C	
G29511T	
A19883G	
A18093G	
G28325A	
G21520T	
C19263T	
C7945T	
C25936T	
A21315G	
C11960T	
C24130T	
C15688T	
C28836T	
C11003T	
G2632T	
T28061C	
T27504A	
G27505A	
G27670C	
A3889G	
C6762T	
C28791T	
G28621A	
G25593C	
C29296T	
G27214T	
C12513T	
G14580T	
C22096T	
G11464A	
C12081T	
G2075A	
G12131A	
C5654T	
C5812T	
C22388T	
C1170T	
C26029A	
C4456T	
G9136T	
T15684C	
C4320T	
C5842T	
G15438T	
C25688A	
G2447A	
C21561A	
A21562C	
G27420T	
G28109A	
C28849T	
G677A	
G25855T	
C2523T	
A29700G	
G29553A	
C936T	
C7431T	
C25350T	
T16419C	
C19862T	
A9204G	
G18780T	
C281T	
G285C	
T13686A	
G13687T	
A13693T	
C21597T	
A4091G	
C9924T	
G26918T	
C218T	
C1302T	
G8911T	
T14907G	
G24348T	
C527T	
C6548T	
A11595G	
G12111A	
A12148T	
C13536T	
C21635T	
C7164T	
G26842T	
A15426G	
C18029T	
C19029T	
T29410C	
C14214T	
C26208T	
C18115T	
G18859T	
G19656T	
G4399T	
G16912T	
G10521T	
C18885T	
C12880T	
G740A	
G872T	
G28899C	
G28985T	
T1117C	
C25916T	
C13554T	
C27804T	
C13225T	
C27630T	
C6255T	
G12243T	
G28703C	
T8431C	
C1514T	
C18129T	
A6729C	
T24565G	
T5485G	
G11083T	
C23683T	
C4084T	
